Year,BAU Export/GDP Ratio,Policy Export/GDP Ratio,BAU Exports (Bn MAD),Policy Exports (Bn MAD),GG Target Ratio
2024,0.5336,0.5336,64.84,64.84,0.9025414581984177
2025,0.5421,0.5918,67.83,74.04,0.9025414581984177
2026,0.5504,0.6513,70.89,83.88,0.9025414581984177
2027,0.5586,0.7123,74.03,94.38,0.9025414581984177
2028,0.5667,0.7744,77.25,105.57,0.9025414581984177
2029,0.5745,0.8379,80.55,117.46,0.9025414581984177
2030,0.5822,0.9025,83.93,130.08,0.9025414581984177
